INDRA UUID	Belief	PMID	Evidence	API	Subject	Predicate	Object
c17cf0f8-9c7a-4b61-97a9-72085c3d0999	0.95	10027877	Urocortin (Ucn) is related to corticotropin releasing hormone (CRH), and both are released in the brain under stress where they stimulate CRH 1 and 2 receptors (CRHR).	reach	p(HGNC:CRHR1)	directlyIncreases	act(p(HGNC:CRH))
9dd58ed9-99e4-4320-8113-053cc995b3a3	0.95	10448190	Two distinct CRF receptor subtypes, CRFR1 and CRFR2, are thought to mediate CRF actions in the CNS.	reach	p(HGNC:CRHR1)	directlyIncreases	act(p(HGNC:C1QL1))
5e2d2999-be35-47e5-94df-4277338a711f	0.99	10648719	Both CRF and UCN elicited activational responses in cell groups that are involved in central autonomic control but that express neither CRF-R, including the central amygdaloid and paraventricular hypothalamic nuclei, and brainstem catecholaminergic cell groups.	reach	p(HGNC:C1QL1)	directlyIncreases	act(p(HGNC:CRHR1))
f2af5c7f-6cb5-4fd3-942f-ac5f31681e44	0.99	10648719	Both CRF and UCN elicited activational responses in cell groups that are involved in central autonomic control but that express neither CRF-R, including the central amygdaloid and paraventricular hypothalamic nuclei, and brainstem catecholaminergic cell groups.	reach	p(HGNC:UCN)	directlyIncreases	act(p(HGNC:CRHR1))
5e2d2999-be35-47e5-94df-4277338a711f	0.99	10648719	Dual labeling revealed extensive correspondence of CRF stimulated Fos-immunoreactivity (Fos-ir) and CRF-R1 mRNA at these and other loci.	reach	p(HGNC:C1QL1)	directlyIncreases	act(p(HGNC:CRHR1))
c17cf0f8-9c7a-4b61-97a9-72085c3d0999	0.95	11403094	CRH-R1 mediates CRH induced blood pressure elevation, while peripheral CRH-R2 mediates the hypotensive effect of systemically administered UCN and CRH.	reach	p(HGNC:CRHR1)	directlyIncreases	act(p(HGNC:CRH))
c17cf0f8-9c7a-4b61-97a9-72085c3d0999	0.95	11403094	CRH-R2 mediates a central anxiolytic response, opposing the anxiogenic effect of CRH mediated by CRH-R1.	reach	p(HGNC:CRHR1)	directlyIncreases	act(p(HGNC:CRH))
5a7f93c2-3444-44d4-ae9a-9ad030783a43	0.92	11641109	The CRF-R1 and CRF-R2 antagonist astressin B (30 microg/kg ip) and the selective CRF-R2 antagonist antisauvagine-30 (100 microg/kg ip) completely antagonized urocortin action, whereas the selective CRF-R1 antagonist CP-154,526 (10 mg/kg ip) had no effect.	reach	p(HGNC:CRHR1)	directlyDecreases	act(p(HGNC:UCN))
414dda3f-2ace-4319-b808-451296da7d88	0.95	12011471	CRH, dehydroepiandrosterone, and 17 beta-estradiol did not modulate CRH-R expression, whereas testosterone at 10 (-7) M down-regulated CRH-R1 and CRH-R2 mRNA expression at 6 to 24 h, and growth hormone (GH) switched CRH-R1 mRNA expression to CRH-R2 at 24 h. Based on these findings, CRH may be an autocrine hormone for human sebocytes that exerts homeostatic lipogenic activity, whereas testosterone and growth hormone induce CRH negative feedback.	reach	p(HGNC:CRH)	directlyIncreases	p(HGNC:CRHR1)
006dce48-85ee-422c-840e-bf0391c1cc21	0.95	12121497	Northern blot analysis revealed that, under serum-free conditions, 10 nM CRF decreased CRF-R1 mRNA levels in cultured rat anterior pituitary cells as we reported previously.	reach	p(HGNC:C1QL1)	directlyDecreases	p(HGNC:CRHR1)
006dce48-85ee-422c-840e-bf0391c1cc21	0.95	12121497	These findings indicate that CRF may down-regulate CRF-R1 mRNA expression via a cAMP-PKA-mediated mechanism in rat anterior pituitary cells, and that CREB may mediate at least a portion of this inhibitory effect.	reach	p(HGNC:C1QL1)	directlyDecreases	p(HGNC:CRHR1)
dd97a925-948d-40c0-a7f7-67b8a5cfc09a	0.95	12733706	In this study, to determine whether CRF can act directly on hypothalamic CRF neurons, thereby increasing CRFR-1 expression, microinjection of CRF into PVN neurons in vivo and primary cultures of dispersed rat fetal hypothalami in vitro were performed.	reach	p(HGNC:C1QL1)	directlyIncreases	p(HGNC:CRHR1)
dd97a925-948d-40c0-a7f7-67b8a5cfc09a	0.95	12733706	Microinjection of 0.1 microg of CRF into the PVN significantly increased c-fos and CRFR-1 mRNA expression in the CRF producing parvocellular PVN, 30 min or 180 min after injection, respectively.	reach	p(HGNC:C1QL1)	directlyIncreases	p(HGNC:CRHR1)
9dd58ed9-99e4-4320-8113-053cc995b3a3	0.95	12969235	In rats, acute stress substantially increases corticotropin releasing factor (CRF) type 1 receptor (CRFR-1) mRNA expression in the paraventricular nucleus (PVN) and osmotic stimulation induces both CRF and CRFR-1 mRNA in magnocellular PVN and supraoptic nucleus (SON).	reach	p(HGNC:CRHR1)	directlyIncreases	act(p(HGNC:C1QL1))
3d519729-e651-472e-a4a8-001df9a58230	0.98	14670995	Corticotropin releasing factor (CRF) receptor (CRFR)-mediated activation of the ERKs 1/2-p 42 and -44) has been reported for CRF, urocortin (Ucn)-I, and sauvagine.	reach	p(HGNC:CRHR1)	directlyIncreases	act(p(FPLX:ERK))
32455b0c-6408-4b4f-9ba7-577fdf79fc9b	0.86	14764822	CRH down-regulated CRH-R1 and CRH-R2 mRNA expression in isolated adipocytes.	reach	p(HGNC:CRH)	directlyDecreases	p(HGNC:CRHR1)
f2af5c7f-6cb5-4fd3-942f-ac5f31681e44	0.99	15142984	Similarly, CRF and UCN up-regulate the endogenous CRFR1 at the mRNA level in NT2 and MCF 7 cells.	reach	p(HGNC:UCN)	directlyIncreases	act(p(HGNC:CRHR1))
f257504e-634d-4c85-8d68-8ca8dafc9022	0.95	15601950	CRF induced depolarization was tetrodotoxin insensitive and was blocked by the peptidergic CRF-R1 antagonist astressin.	reach	p(HGNC:CRHR1)	directlyDecreases	act(p(HGNC:C1QL1))
f257504e-634d-4c85-8d68-8ca8dafc9022	0.95	15752579	The hypoxia increased CRF, CRF mRNA, CRFR1 mRNA, and corticosterone were blocked by CRFR1 antagonist (CP-154,526), suggesting that CRFR1 in PVN and pituitary are responsible for the hypoxia increased CRF and CRF mRNA in PVN.	reach	p(HGNC:CRHR1)	directlyDecreases	act(p(HGNC:C1QL1))
979b9b91-66db-4b66-8d63-eccacbaa97a4	0.88	16014403	CRH, Unc, and ACTH stimulate all elements of the DHEAS synthetic pathway and activate CRH-R1 as well.	reach	p(HGNC:POMC)	directlyIncreases	act(p(HGNC:CRHR1))
1cd496eb-ae03-48c0-a970-c3cbcdb90bfe	0.86	16236179	Rats treated with a CRH receptor 1 (CRHR1) antagonist had diminished FasL endometrial expression and reduced number of implantation sites, suggesting that locally produced CRH promotes implantation and maintenance of early pregnancy mainly by killing activated T cells [XREF_BIBR].	reach	p(HGNC:CRHR1)	directlyDecreases	p(HGNC:FASLG)
c17cf0f8-9c7a-4b61-97a9-72085c3d0999	0.95	16245303	In skin cells CRH action is mediated by CRH-R1, a subject to posttranslational modification with expression of alternatively spliced isoforms.	reach	p(HGNC:CRHR1)	directlyIncreases	act(p(HGNC:CRH))
e075b3cb-d141-4d8e-b914-75eab64e9beb	0.92	16285953	Our results suggest that JTC-017, a specific corticotropin releasing hormone receptor 1 antagonist, attenuates hippocampal noradrenaline release, visceral perception, adrenocorticotropic hormone release, and anxiety after acute colorectal distention in rats.	reach	p(HGNC:CRHR1)	directlyDecreases	act(p(HGNC:POMC))
f257504e-634d-4c85-8d68-8ca8dafc9022	0.95	16385142	CRF depolarizes hypocretin neurons, and this effect is blocked by a CRF-R1 antagonist.	reach	p(HGNC:CRHR1)	directlyDecreases	act(p(HGNC:C1QL1))
9dd58ed9-99e4-4320-8113-053cc995b3a3	0.95	16819988	Agonist induced CRFr internalization in LC neurons may underlie acute desensitization to CRF or stress.	reach	p(HGNC:CRHR1)	directlyIncreases	act(p(HGNC:C1QL1))
23f90d5b-a82a-4aec-8de1-059df5556beb	0.86	16840531	A direct effect of recombinant LexA protein on crhR expression was confirmed from the observation that LexA reduces crhR expression in a linear manner in an in vitro transcription and translation assay.	reach	p(UP:A5G2J1)	directlyDecreases	p(HGNC:CRHR1)
23f90d5b-a82a-4aec-8de1-059df5556beb	0.86	16840531	LexA represses crhR gene expression in vitro.	reach	p(UP:A5G2J1)	directlyDecreases	p(HGNC:CRHR1)
3d519729-e651-472e-a4a8-001df9a58230	0.98	16959871	The intracellular pathways by which CRH-R1 activates these MAPK are only partially understood; here we characterized further signaling mechanisms and molecules involved in CRH-R1-mediated ERK1/2 and p38 MAPK activation.	reach	p(HGNC:CRHR1)	directlyIncreases	act(p(FPLX:ERK))
3d519729-e651-472e-a4a8-001df9a58230	0.98	16959871	The intracellular pathways by which CRH-R1 activates these MAPK are only partially understood; here we characterized further signaling mechanisms and molecules involved in CRH-R1-mediated ERK1/2 and p38 MAPK activation.	sparser	p(HGNC:CRHR1)	directlyIncreases	act(p(FPLX:ERK))
5a7f93c2-3444-44d4-ae9a-9ad030783a43	0.92	17170072	CRHR1 mediated urocortin endocytosis was blocked by astressin (antagonist for both CRHRs), whereas CRHR2 mediated urocortin endocytosis was also blocked by antisauvagine 30 (selective CRHR2beta antagonist).	reach	p(HGNC:CRHR1)	directlyDecreases	act(p(HGNC:UCN))
748b83ee-dd42-4562-be90-b245fd42fd87	1.0	17197073	In melanocytes and fibroblasts CRH induced CRH-R1 stimulation upregulates POMC expression and production of ACTH through activation of cAMP dependent pathway (s).	reach	p(HGNC:CRH)	directlyIncreases	act(p(HGNC:CRHR1))
0a605dbf-88c5-4a68-90e5-c66431d1d055	0.92	17431005	However, the increased CRH-R1 mRNA expression was associated with a dampening of the receptor efficacy to activate the adenylyl cyclase and cAMP signaling cascade.	reach	p(HGNC:CRHR1)	directlyIncreases	act(p(PFAM:PF04199))
ba73b249-627e-4e26-a1da-35200bab3d2d	0.86	17463062	To investigate the individual role of CRHR1 and CRHR2, cell cultures were treated with the specific CRHR1 antagonist antalarmin and CRHR2 antagonist astressin2B, respectively.	reach	p(HGNC:CRHR1)	directlyIncreases	act(p(HGNC:CRHR2))
1cd496eb-ae03-48c0-a970-c3cbcdb90bfe	0.86	17667919	It is tempting to speculate that in advanced stage ovarian carcinoma, chronic use of a CRHR1 antagonist could reduce tumour immune defence mechanisms by downregulating intratumoral FasL expression.	reach	p(HGNC:CRHR1)	directlyDecreases	p(HGNC:FASLG)
cdc782fd-312c-4d03-857f-94245a9ed144	0.95	17947354	Administration of the selective CRF (1) antagonist, antalarmin, before swim stress attenuated CRFr internalization.	reach	p(HGNC:C1QL1)	directlyDecreases	act(p(HGNC:CRHR1))
3d519729-e651-472e-a4a8-001df9a58230	0.98	18058954	Although each of these proteins had a similar effect on CRFR1 endocytosis, as they each, with the exception of PDZK1, function to antagonize CRFR1 internalization, they exhibit pleiotropic effects on the regulation of CRFR1 mediated ERK1/2 activity.	reach	p(HGNC:CRHR1)	directlyIncreases	act(p(FPLX:ERK))
0a9d76af-2536-4e74-b5da-c03f6cb5ef63	0.92	18058954	Effect of MAGI proteins expression on agonist stimulated CRFR1 endocytosis.	reach	p(UP:P27392)	directlyIncreases	act(p(HGNC:CRHR1))
14367f12-f8b2-466b-a1b4-3450ffc2114c	1.0	18058954	In addition we find that while the overexpression of each of the MAGI proteins does not influence CRFR1 stimulated ERK1/2 phosphorylation, siRNA knockdown of each of the MAGIs results in a significant increase in CRFR1 mediated ERK1/2 phosphorylation.	reach	p(HGNC:CRHR1)	directlyIncreases	p(FPLX:ERK, pmod(Ph))
6729af4b-7b3d-4296-b982-531ee888fadc	0.92	18058954	In addition, we assessed the effect of knockdown of endogenous MAGI proteins on agonist stimulated CRFR1 internalization.	reach	p(UP:P27392)	directlyDecreases	act(p(HGNC:CRHR1))
3d519729-e651-472e-a4a8-001df9a58230	0.98	18058954	Previous experiments examining the regulation of CRFR1 mediated ERK1/2 activation by two other MAGUK family members, SAP97 and PSD-95 yielded different results [XREF_BIBR XREF_BIBR].	reach	p(HGNC:CRHR1)	directlyIncreases	act(p(FPLX:ERK))
4ccf0658-ed26-43c3-a565-794559ace8e3	0.86	18058954	Similarly, we also find that CAL negatively regulates CRFR1 endocytosis when overexpressed [XREF_BIBR].	reach	p(HGNC:GOPC)	directlyDecreases	act(p(HGNC:CRHR1))
6729af4b-7b3d-4296-b982-531ee888fadc	0.92	18058954	Taken together, these data suggested that MAGI proteins are attenuating CRFR1 endocytosis by interfering with beta-arrestin recruitment to CRFR1.	reach	p(UP:P27392)	directlyDecreases	act(p(HGNC:CRHR1))
6729af4b-7b3d-4296-b982-531ee888fadc	0.92	18058954	The observation that each of the MAGI proteins antagonizes CRFR1 endocytosis suggested the possibility that MAGI proteins may play a role in regulating beta-arrestin recruitment to the receptor.	reach	p(UP:P27392)	directlyDecreases	act(p(HGNC:CRHR1))
0a9d76af-2536-4e74-b5da-c03f6cb5ef63	0.92	18058954	These results suggested that MAGI proteins did not contribute to the regulation of G protein dependent signaling of CRFR1 presented by the activation of the cAMP pathway.	reach	p(UP:P27392)	directlyIncreases	act(p(HGNC:CRHR1))
4ccf0658-ed26-43c3-a565-794559ace8e3	0.86	18058954	These studies showed that both SAP97 and CAL function to antagonize the internalization of CRFR1 [XREF_BIBR XREF_BIBR].	reach	p(HGNC:GOPC)	directlyDecreases	act(p(HGNC:CRHR1))
5e2d2999-be35-47e5-94df-4277338a711f	0.99	18058954	We find here that the overexpression of any of the MAGI proteins reduces CRF stimulated CRFR1 internalization, which is similar to what is observed for VPAC 1, but opposite to what is observed for the beta 1 -AR.	reach	p(HGNC:C1QL1)	directlyIncreases	act(p(HGNC:CRHR1))
0a9d76af-2536-4e74-b5da-c03f6cb5ef63	0.92	18058954	We find that all three MAGI proteins are co-immunoprecipitated with CRFR1 in a PDZ motif dependent manner and that either overexpression or knockdown of each of the MAGI proteins is able to negatively regulate CRFR1 endocytosis with MAGI-1 overexpression or knockdown negatively regulating CRFR1 endocytosis in a PDZ motif independent manner.	reach	p(UP:P27392)	directlyIncreases	act(p(HGNC:CRHR1))
14367f12-f8b2-466b-a1b4-3450ffc2114c	1.0	18058954	Whereas, SAP97 expression significantly enhanced CRFR1 stimulated ERK1/2 phosphorylation, PSD-95 overexpression had no effect on ERK1/2 phosphorylation induced by CRFR1 activation.	reach	p(HGNC:CRHR1)	directlyIncreases	p(FPLX:ERK, pmod(Ph))
14367f12-f8b2-466b-a1b4-3450ffc2114c	1.0	18058954	While the overexpression of each of the MAGI proteins has no effect on CRFR1 mediated ERK1/2 phosphorylation, siRNA knockdown of any of the MAGIs results in a significant increase in the extent of ERK1/2 phosphorylation induced by CRFR1 activation.	reach	p(HGNC:CRHR1)	directlyIncreases	p(FPLX:ERK, pmod(Ph))
a9742560-e0fb-41f0-91a8-9aca4c42c1bb	0.95	18079206	This effect was reversed by the CRH receptor type 1 (CRHR1) antagonist antalarmin but not by the CRHR2 antagonist astressin-2B, suggesting that CRHR1 mediated the inhibitory effect of CRH.	reach	p(HGNC:CRHR1)	directlyDecreases	act(p(HGNC:CRH))
f2af5c7f-6cb5-4fd3-942f-ac5f31681e44	0.99	18234674	In contrast, both CRF-BP mutants retain the ability to inhibit Ucn 1 induced CRFR1 activation.	reach	p(HGNC:UCN)	directlyIncreases	act(p(HGNC:CRHR1))
5e2d2999-be35-47e5-94df-4277338a711f	0.99	18292205	Activation of CRFR1 by either CRF or urocortin (UCN) 1 reversibly inhibits Ca(V)3.2 currents (IC(50) of approximately 30 nM), but it does not affect Ca(V)3.1 or Ca(V)3.3 channels.	sparser	p(HGNC:C1QL1)	directlyIncreases	act(p(HGNC:CRHR1))
f2af5c7f-6cb5-4fd3-942f-ac5f31681e44	0.99	18292205	Activation of CRFR1 by either CRF or urocortin (UCN) 1 reversibly inhibits Ca(V)3.2 currents (IC(50) of approximately 30 nM), but it does not affect Ca(V)3.1 or Ca(V)3.3 channels.	sparser	p(HGNC:UCN)	directlyIncreases	act(p(HGNC:CRHR1))
45612fd6-507a-4ac0-8993-3fe966668a99	0.86	18550868	These data suggest that inhibition of food intake and weight loss induced by RRS or by MS involve different pathways, with hindbrain CRFR mediating the effect of MS on body weight and food intake.	reach	p(HGNC:CRHR1)	directlyIncreases	act(p(HGNC:MTR))
9dd58ed9-99e4-4320-8113-053cc995b3a3	0.95	18777604	The CRF type 1 receptors (CRF-R1) that mediate autonomic responses to CRF have only a scant presence in the PVN under normal conditions.	reach	p(HGNC:CRHR1)	directlyIncreases	act(p(HGNC:C1QL1))
ce805b9d-6f06-4652-a9f4-a48e18cd2e70	0.86	18777604	This may reflect a higher tissue concentration of CRF or of CRF-R1 induced by intracarotid TNF-alpha than by ICV CRF.	reach	p(HGNC:TNF)	directlyIncreases	act(p(HGNC:CRHR1))
748b83ee-dd42-4562-be90-b245fd42fd87	1.0	19008330	In most cell types, activation of CRH-R1 or CRH-R2 by CRH or urocortins results in activation of the Gs-adenylyl cyclase pathway and increased cAMP levels; however, recent evidence has demonstrated that in some tissues and cell types both CRH receptors can couple to other G proteins including Gq, Gi, and Go, resulting in activation of various kinases including PKC, MAPK, and Akt (reviewed in ( xref ; xref )).	sparser	p(HGNC:CRH)	directlyIncreases	act(p(HGNC:CRHR1))
e0e68125-874d-4464-a102-250578ff9283	0.98	19008330	We used CRH receptor antagonists (alpha-helical CRH 9-41 and astressin) that block both CRH-R1 and CRH-R2 (reviewed in) to determine whether the CRH- and UCNI mediated increases in intracellular cAMP were specifically mediated by CRH receptors.	reach	p(HGNC:CRH)	directlyDecreases	act(p(HGNC:CRHR1))
ce805b9d-6f06-4652-a9f4-a48e18cd2e70	0.86	19026699	On the contrary, UCN II, CRF-R1, and CRF-R2 mRNAs were markedly increased by co-incubation of pitavastatin and TNF-alpha.	reach	p(HGNC:TNF)	directlyIncreases	act(p(HGNC:CRHR1))
9dd58ed9-99e4-4320-8113-053cc995b3a3	0.95	19036986	Whereas CRF effects on presynaptic GABA release were mediated by CRF-R1, its direct postsynaptic effects on inward current were mediated by CRF-R2 and on GABA receptors were mediated by both receptor subtypes.	reach	p(HGNC:CRHR1)	directlyIncreases	act(p(HGNC:C1QL1))
cdc782fd-312c-4d03-857f-94245a9ed144	0.95	19539724	Chronic morphine induced reductions in the availability of the CRFr in BSTal dendrites may lead to decreased CRFr activation by CRF, and subsequent alterations in stress responsivity.	reach	p(HGNC:C1QL1)	directlyDecreases	act(p(HGNC:CRHR1))
f257504e-634d-4c85-8d68-8ca8dafc9022	0.95	19800323	These findings obtained from cocaine experienced rats paralleled the findings of XREF_BIBR in cocaine-naive mice, where CRF potentiation of NMDA mediated synaptic transmission was blocked by the same CRF-R2 and was not blocked by the same CRF-R1 antagonists.	reach	p(HGNC:CRHR1)	directlyDecreases	act(p(HGNC:C1QL1))
e075b3cb-d141-4d8e-b914-75eab64e9beb	0.92	19906229	XREF_BIBR In addition, they also downregulate the expression of corticotrophic CRH-R1 mRNA, thus decreasing CRH-R1 number, which ultimately diminishes ACTH secretion.	reach	p(HGNC:CRHR1)	directlyDecreases	act(p(HGNC:POMC))
7a70ebc4-52ec-4389-b454-672f044efed2	0.95	19913194	Among the PKC isozymes, we hypothesized that protein kinase C epsilon (PKCepsilon) mediates downstream effects of CRF-R1 activation in the CeA because PKCepsilon is expressed throughout the amygdala and PKCepsilon -/- mice show reduced anxiety like behavior and reduced alcohol consumption.	reach	p(HGNC:CRHR1)	directlyIncreases	act(p(HGNC:CEACAM5))
5462e738-7b04-4a8a-8ad1-33828856280a	0.86	19913194	Among the PKC isozymes, we hypothesized that protein kinase C epsilon (PKCepsilon) mediates downstream effects of CRF-R1 activation in the CeA because PKCepsilon is expressed throughout the amygdala and PKCepsilon -/- mice show reduced anxiety like behavior and reduced alcohol consumption.	reach	p(HGNC:PRKCE)	directlyIncreases	act(p(HGNC:CRHR1))
ade3b614-2cde-4211-98b2-c6b76b3a31f4	0.94	20080775	Importantly, CRFR1 stimulates insulin secretion only during conditions of intermediate to high ambient glucose, and the CRFR1 dependent phosphorylation of Erk1/2 is greater with elevated glucose concentrations.	reach	p(HGNC:CRHR1)	directlyIncreases	act(p(HGNC:INS))
14367f12-f8b2-466b-a1b4-3450ffc2114c	1.0	20080775	Importantly, CRFR1 stimulates insulin secretion only during conditions of intermediate to high ambient glucose, and the CRFR1 dependent phosphorylation of Erk1/2 is greater with elevated glucose concentrations.	reach	p(HGNC:CRHR1)	directlyIncreases	p(FPLX:ERK, pmod(Ph))
14367f12-f8b2-466b-a1b4-3450ffc2114c	1.0	20080775	Importantly, CRFR1 stimulates insulin secretion only during conditions of intermediate to high ambient glucose, and the CRFR1-dependent phosphorylation of Erk1/2 is greater with elevated glucose concentrations.	sparser	p(HGNC:CRHR1)	directlyIncreases	p(FPLX:ERK, pmod(Ph))
ade3b614-2cde-4211-98b2-c6b76b3a31f4	0.94	20080775	We demonstrate the presence of CRF receptor type 1 (CRFR1) on primary beta cells and show that activation of pancreatic CRFR1 promotes insulin secretion, thus contributing to the restoration of normoglycemic equilibrium.	reach	p(HGNC:CRHR1)	directlyIncreases	act(p(HGNC:INS))
4a407db2-cb38-495f-8415-5d0f93e69027	0.97	20206175	Activation of CRHR1 increases Akt phosphorylation whereas that of CRHR2 reduces it.	reach	p(HGNC:CRHR1)	directlyIncreases	p(FPLX:AKT, pmod(Ph))
a9742560-e0fb-41f0-91a8-9aca4c42c1bb	0.95	20374216	CRHR1 receptor (but not CRHR2) antagonists blocked both CRH and ethanol effects in wild-type mice.	reach	p(HGNC:CRHR1)	directlyDecreases	act(p(HGNC:CRH))
e48394bf-81d6-4b17-8440-dff6779f8da4	0.95	20383137	Based on our data, we propose a multistep mechanism whereby CRF peptide activation of CRFR1 enhances 5-HT 2 R signaling by increasing the availability of 5-HT 2 R at the surface of cells to be activated by agonist and to couple to the activation of phospholinositol phosphatase Cbeta mediated inositol phosphate formation (XREF_SUPPLEMENTARY).	reach	p(HGNC:CRHR1)	directlyIncreases	act(p(HGNC:HTR2A))
e48394bf-81d6-4b17-8440-dff6779f8da4	0.95	20383137	CRFR1 activation enhances 5-HT 2 R signaling.	reach	p(HGNC:CRHR1)	directlyIncreases	act(p(HGNC:HTR2A))
e48394bf-81d6-4b17-8440-dff6779f8da4	0.95	20383137	The CRFR dependent enhancement of 5-HT 2 R signaling also required the interaction of PDZ domain containing proteins with both receptors, since the deletion of PDZ binding motifs in the carboxyl-terminal tail domains of either CRFR1, 5-HT 2A R or 5-HT 2C R prevented CRF mediated sensitization of 5-HT 2 R signaling.	reach	p(HGNC:CRHR1)	directlyIncreases	act(p(HGNC:HTR2A))
e48394bf-81d6-4b17-8440-dff6779f8da4	0.95	20383137	The sensitization of 5-HT 2 R signaling by CRFR1 required intact PDZ domain binding motifs at the end of the C-terminal tails of both receptor types.	reach	p(HGNC:CRHR1)	directlyIncreases	act(p(HGNC:HTR2A))
e48394bf-81d6-4b17-8440-dff6779f8da4	0.95	20383137	The signaling of both 5-HT 2A/C and CRF receptors is linked to the regulation of anxiety behaviors and CRFR activation has previously been shown to modulate 5-HT 2 R signaling by an unknown mechanism XREF_BIBR.	reach	p(HGNC:CRHR1)	directlyIncreases	act(p(HGNC:HTR2A))
e48394bf-81d6-4b17-8440-dff6779f8da4	0.95	20383137	These findings provide an additional mechanism by which receptor endocytosis and recycling contribute to the regulation of GPCR responsiveness in general and specifically show how CRFR1 activation can positively modulate 5-HT 2 R signaling thereby leading to pathophysiological behavioural responses.	reach	p(HGNC:CRHR1)	directlyIncreases	act(p(HGNC:HTR2A))
e48394bf-81d6-4b17-8440-dff6779f8da4	0.95	20383137	Thus, we demonstrated both that CRFR1 activation positively modulated 5-HT 2 R signaling in cortical neurons and that these two receptors were co-expressed in the same neuronal populations.	reach	p(HGNC:CRHR1)	directlyIncreases	act(p(HGNC:HTR2A))
748b83ee-dd42-4562-be90-b245fd42fd87	1.0	20833240	As indicated above, in addition to stimulating the HPA axis, activation of CRHR1 by CRH plays a major role coordinating stress responses, including sympathetic systems, central suppression of the immune system, arousal and other stress related behaviors.	reach	p(HGNC:CRH)	directlyIncreases	act(p(HGNC:CRHR1))
0a605dbf-88c5-4a68-90e5-c66431d1d055	0.92	21092110	The dominant CRHR1 activated signaling pathway in endogenous and recombinant cell lines is the adenylyl cyclase protein kinase A (PKA) pathway via Galpha s [XREF_BIBR, XREF_BIBR].	reach	p(HGNC:CRHR1)	directlyIncreases	act(p(PFAM:PF04199))
f2af5c7f-6cb5-4fd3-942f-ac5f31681e44	0.99	21185371	All CRHR are activated by urocortin (Ucn), a peptide with about 50% structural similarity to CRH [ xref ].	sparser	p(HGNC:UCN)	directlyIncreases	act(p(HGNC:CRHR1))
f2af5c7f-6cb5-4fd3-942f-ac5f31681e44	0.99	21185371	All CRHR are activated by urocortin (Ucn), a peptide with about 50% structural similarity to CRH [XREF_BIBR].	reach	p(HGNC:UCN)	directlyIncreases	act(p(HGNC:CRHR1))
3fdf3521-dc4b-4841-9310-9fde2cd5df56	0.98	21258618	The ethanol- and CRF1-dependent PKA activation, in turn, could modulate downstream effector molecules such as synaptotagmin and voltage sensitive Ca ++ channels, resulting in an increase in presynaptic vesicular GABA release.	sparser	p(HGNC:CRHR1)	directlyIncreases	act(p(FPLX:PKA))
c17cf0f8-9c7a-4b61-97a9-72085c3d0999	0.95	21438878	These differences may involve the corticotropin releasing hormone receptor produced by CRHR1.	reach	p(HGNC:CRHR1)	directlyIncreases	act(p(HGNC:CRH))
f53765a2-e6c4-439d-959a-a4a77b58fcf5	0.86	21448293	Notably, these data are consistent with previous findings showing that stress facilitation of drug reward depends on CRFR1 and CREB activation in NAc XREF_BIBR, as well as the finding that CRFR1 is the predominant CRF receptor expressed within this brain region XREF_BIBR - XREF_BIBR.	reach	p(HGNC:CRHR1)	directlyIncreases	act(p(HGNC:NLRP1))
7a70ebc4-52ec-4389-b454-672f044efed2	0.95	21597991	CRHR1 and CRHR2 blockade with microinjections of antalarmin and anti-sauvagine-30, respectively, attenuated the alcohol induced increase of extracellular beta-endorphin in CeA.	reach	p(HGNC:CRHR1)	directlyIncreases	act(p(HGNC:CEACAM5))
e0e68125-874d-4464-a102-250578ff9283	0.98	21660287	CRHBP binds to CRH and thus reduces the ability of CRH to activate the CRHR1 and CRHR2 receptors.	reach	p(HGNC:CRH)	directlyDecreases	act(p(HGNC:CRHR1))
dd97a925-948d-40c0-a7f7-67b8a5cfc09a	0.95	21664419	The results showed that CRF increased CRFR1 expression through the MEK-ERK1/2 pathway.	reach	p(HGNC:C1QL1)	directlyIncreases	p(HGNC:CRHR1)
5e2d2999-be35-47e5-94df-4277338a711f	0.99	21683135	Thus, it has been generalized that activation of CRF-R1 by CRF increases anxiety like behavior whereas activation of CRF-R2 by UCN1 decreases anxiety like behavior.	reach	p(HGNC:C1QL1)	directlyIncreases	act(p(HGNC:CRHR1))
c17cf0f8-9c7a-4b61-97a9-72085c3d0999	0.95	21854167	CRH type 1 receptor (CRH-R1) mediates actions of CRH and urocortin I to promote anxiety like behaviour, whereas the CRH type 2 receptor (CRH-R2) may mediate anxiolytic actions, through actions of urocortins 2 and 3.	reach	p(HGNC:CRHR1)	directlyIncreases	act(p(HGNC:CRH))
aede70b4-52da-40b5-b536-704b1e049096	0.86	21909974	Glucocorticoid treatment rescued GS expression in CRFR1 null mice, indicating that CRFR1 mediated changes in cochlear GS expression depend on signaling through glucocorticoids.	reach	p(HGNC:CRHR1)	directlyIncreases	p(HGNC:GLUL)
a9742560-e0fb-41f0-91a8-9aca4c42c1bb	0.95	21969792	[XREF_BIBR] Although Habib et al. showed that intracerebroventricular injection of CRHR1 antagonists reduced the autonomic responses to stress, [XREF_BIBR] peripheral injection did not influence these responses, but others showed that peripheral administration of CRHR1 antagonists abolished the effect of CRH on colon transit.	reach	p(HGNC:CRHR1)	directlyDecreases	act(p(HGNC:CRH))
9dd58ed9-99e4-4320-8113-053cc995b3a3	0.95	22033741	126 These data suggest that CRF-R1 mediates the anxiogenic effects of CRF, whereas CRF-R2 may be involved in anxiolysis.	reach	p(HGNC:CRHR1)	directlyIncreases	act(p(HGNC:C1QL1))
ba73b249-627e-4e26-a1da-35200bab3d2d	0.86	22033745	Together, it may be hypothesized that during the acute phase of the stress response, the increase in emotionality is evoked by CRH mediated CRHR1 activation and lienor Ucn IIl mediated CRHR2 activation, presumably in the amygdala, BNST, and/or iLS.	reach	p(HGNC:CRHR1)	directlyIncreases	act(p(HGNC:CRHR2))
a9742560-e0fb-41f0-91a8-9aca4c42c1bb	0.95	22033745	XREF_BIBR - XREF_BIBR Fifth, the selective (nonpeptidergic) CRHR1 antagonists (XREF_FIG), NBI-27914, CRA1000, CRA1001 (all anilinopyrimidines), and CP154526 (a pyrrolopyrimidine) inhibit the anxiogenic action of CRH XREF_BIBR, XREF_BIBR (for review, see reference 41).	reach	p(HGNC:CRHR1)	directlyDecreases	act(p(HGNC:CRH))
a77e2c90-3c89-4cf6-9830-24fc12bdecee	0.86	22089831	Substance P (SP) induces expression of functional corticotropin releasing hormone receptor-1 (CRHR-1) in human mast cells.	reach	p(HGNC:TAC1)	directlyIncreases	p(HGNC:CRHR1)
a9742560-e0fb-41f0-91a8-9aca4c42c1bb	0.95	22191943	Knockout and anti-sense experiments suggest that CRH-R1 mediates the effects of CRH in regulating the HPA axis and anxiety related behaviors.	reach	p(HGNC:CRHR1)	directlyDecreases	act(p(HGNC:CRH))
91790216-c4e4-42f5-ad95-fae863a3291f	0.86	22234467	CRH-R1 antagonist antalarmin decreased GLUT1 expression while increased GLUT3 expression.	reach	p(HGNC:CRHR1)	directlyDecreases	p(HGNC:SLC2A1)
91790216-c4e4-42f5-ad95-fae863a3291f	0.86	22234467	Knockdown of CRH-R1 decreased GLUT1 expression while increased GLUT3 expression.	reach	p(HGNC:CRHR1)	directlyDecreases	p(HGNC:SLC2A1)
cdc782fd-312c-4d03-857f-94245a9ed144	0.95	22290119	Increased BNST CRF expression did not affect plasma corticosterone concentration but did decrease CRFR1 receptor density within the BNST and CRFR2 receptor density within the dorsal portion of the caudal dorsal raphe nucleus.	reach	p(HGNC:C1QL1)	directlyDecreases	act(p(HGNC:CRHR1))
cdc782fd-312c-4d03-857f-94245a9ed144	0.95	22290119	It was found that CRF OE within the BNST produced lower CRFR1 density within the BNST, and decreased CRFR2 density in the dorsal portion of the caudal DRN.	reach	p(HGNC:C1QL1)	directlyDecreases	act(p(HGNC:CRHR1))
dd97a925-948d-40c0-a7f7-67b8a5cfc09a	0.95	22290119	The lower density of CRFR1 receptors within BNST matches findings from a previous study showing that BNST CRF OE lowered BNST CRFR1 mRNA expression in mice, and aligns with previous studies implicating CRFR1 receptors as actuators of stress induced anxiety and CRF enhanced startle.	reach	p(HGNC:C1QL1)	directlyIncreases	p(HGNC:CRHR1)
1129d019-96d8-4652-b84f-daf07a3fe436	0.86	22336193	Loss of one copy of Crfr1 (Crfr1 +/-) in APP/hAbeta/PS1 animals returned resting corticosteroid levels to levels comparable to wildtype animals (XREF_FIG, p < 0.001), suggesting that a reduction in CRFR1 signaling can reverse the HPA axis perturbation seen in APP/hAbeta/PS1 animals.	reach	p(HGNC:CRHR1)	directlyDecreases	act(p(HGNC:HPSE))
aede70b4-52da-40b5-b536-704b1e049096	0.86	22484018	Glucocorticoid treatment beginning in utero via administration to pregnant dams rescued GS expression in CRFR1 null offspring, indicating that CRFR1 mediated changes in cochlear GS expression depend on signaling through glucocorticoids.	reach	p(HGNC:CRHR1)	directlyIncreases	p(HGNC:GLUL)
748b83ee-dd42-4562-be90-b245fd42fd87	1.0	22514519	Taken together, available data largely support the idea that the main source of the CRH that activates CRFR 1 within hippocampus is the hippocampus itself.	sparser	p(HGNC:CRH)	directlyIncreases	act(p(HGNC:CRHR1))
c17cf0f8-9c7a-4b61-97a9-72085c3d0999	0.95	22698524	CRHR1 knockdown impaired this effect of CRH.	reach	p(HGNC:CRHR1)	directlyIncreases	act(p(HGNC:CRH))
14367f12-f8b2-466b-a1b4-3450ffc2114c	1.0	22876248	Receptor endocytosis is also one of the mechanisms employed by CRH-R1 to induce ERK1/2 and p38 MAPK phosphorylation and activation intermediates.	reach	p(HGNC:CRHR1)	directlyIncreases	p(FPLX:ERK, pmod(Ph))
5462e738-7b04-4a8a-8ad1-33828856280a	0.86	22973190	Protein kinase C epsilon (PKCepsilon) has been shown to modulate CRF-R1 signaling in the CeA and transgenic mice with deletion of PKCepsilon (PKCepsilon KO mice) have shown reduced anxiety like behaviors.	reach	p(HGNC:PRKCE)	directlyIncreases	act(p(HGNC:CRHR1))
5e2d2999-be35-47e5-94df-4277338a711f	0.99	23036275	Thus, it has been generalized that activation of CRF-R1 by CRF increases anxiety like behavior whereas activation of CRF-R2 by UCN1 decreases anxiety like behavior.	reach	p(HGNC:C1QL1)	directlyIncreases	act(p(HGNC:CRHR1))
41fb7495-7a5f-43d6-9ecd-b3a0a556199f	0.88	23119089	Temperature plays a profound role in crhR expression, enhancing both crhR transcript and protein half-life, although CrhR performs divergent roles in both mechanisms.	reach	p(HGNC:CRHR1)	directlyIncreases	act(p(HGNC:CRHR1))
f57be3fc-f0e1-4664-8b60-4d54cd93a399	0.94	23155429	NT induces CRHR-1 expression in human LAD2 mast cells as evidenced by Western blot and FACS analysis.	reach	p(HGNC:NTS)	directlyIncreases	p(HGNC:CRHR1)
f57be3fc-f0e1-4664-8b60-4d54cd93a399	0.94	23155429	The mechanism through which NT stimulates mast cell degranulation and VEGF release, as well as CRHR-1 expression is not yet clear.	reach	p(HGNC:NTS)	directlyIncreases	p(HGNC:CRHR1)
f57be3fc-f0e1-4664-8b60-4d54cd93a399	0.94	23155429	The present findings suggest that NT can induce CRHR-1 expression and CRH can induce NTR expression on mast cells (Suppl.	reach	p(HGNC:NTS)	directlyIncreases	p(HGNC:CRHR1)
f57be3fc-f0e1-4664-8b60-4d54cd93a399	0.94	23155429	We felt that one possibility might be the ability of NT to induce CRHR-1 expression in LAD2 mast cells.	reach	p(HGNC:NTS)	directlyIncreases	p(HGNC:CRHR1)
3fdf3521-dc4b-4841-9310-9fde2cd5df56	0.98	23159531	PKA, which is activated by CRFR1 activation (via Gs and Gq proteins), also play an important role in ethanol and CRF modulation of presynaptic CeA GABA release.	reach	p(HGNC:CRHR1)	directlyIncreases	act(p(FPLX:PKA))
7a70ebc4-52ec-4389-b454-672f044efed2	0.95	23159531	Thus, as with dependence induced ethanol drinking, binge like ethanol drinking is modulated by CRFR1 signaling in the CeA.	reach	p(HGNC:CRHR1)	directlyIncreases	act(p(HGNC:CEACAM5))
3d519729-e651-472e-a4a8-001df9a58230	0.98	23371389	CRH stimulated CRH receptor 1 (CRHR1) activates ERK1/2 depending on intracellular context.	reach	p(HGNC:CRHR1)	directlyIncreases	act(p(FPLX:ERK))
c17cf0f8-9c7a-4b61-97a9-72085c3d0999	0.95	23380766	We show that CRH receptors are expressed in neurogenic areas of fetal and adult mouse brain and that CRH-R1 mediates the above effects of CRH, via activation of distinct signaling pathways, MAPK and PI3K.	reach	p(HGNC:CRHR1)	directlyIncreases	act(p(HGNC:CRH))
d63e5e6c-63ec-4a50-b4cd-174ac3fa1a38	0.97	23410057	The present study found that CRF can increase a latent NMDA component through CRF1 receptor-mediated PKA activation, suggesting that CRF can engage processes similar to those that generate synaptic plasticity in pain models such as arthritis.	sparser	p(FPLX:PKA)	directlyIncreases	act(p(HGNC:CRHR1))
d63e5e6c-63ec-4a50-b4cd-174ac3fa1a38	0.97	23410057	We show that CRF administered to the CeLC, a brain area that plays a critical role in the emotional-affective component of pain [ xref , xref ], enhances or triggers nocifensive and affective behaviors by increasing synaptic transmission and neuronal output through postsynaptic CRF1 receptor-mediated PKA activation.	sparser	p(FPLX:PKA)	directlyIncreases	act(p(HGNC:CRHR1))
7a70ebc4-52ec-4389-b454-672f044efed2	0.95	23470280	These findings are similar to previous results indicating that CRFR1 or CRFR2 antagonists can enhance CeA glutamatergic transmission in rats.	reach	p(HGNC:CRHR1)	directlyIncreases	act(p(HGNC:CEACAM5))
1129d019-96d8-4652-b84f-daf07a3fe436	0.86	23483921	A selective model of postnatal deletion of CRHR1 in the forebrain, introduced by Muller and colleagues, revealed a distinct role of CRH and CRHR1 neuronal pathways involved in behavioural regulation from those regulating HPA axis activity XREF_BIBR, with deletion of CRHR1 in limbic structures leading to aberration of anxiety like behaviours independent of the HPA axis functioning.	reach	p(HGNC:CRHR1)	directlyDecreases	act(p(HGNC:HPSE))
41fb7495-7a5f-43d6-9ecd-b3a0a556199f	0.88	23487366	CRFR1 activation of CRFR1 has been associated with anxiety or depressive-like behaviors, which could be treated by administrating CRFR antagonists in patients suffering from major depression (Kehne and Cain, xref ).	sparser	p(HGNC:CRHR1)	directlyIncreases	act(p(HGNC:CRHR1))
3d519729-e651-472e-a4a8-001df9a58230	0.98	23538210	These data provide novel evidence that the CRHR1 triggered ERK 1/2 pathway is involved in the activation of p53 and suppression of the apoptotic bax gene by hypoxia in rat liver.	reach	p(HGNC:CRHR1)	directlyIncreases	act(p(FPLX:ERK))
414dda3f-2ace-4319-b808-451296da7d88	0.95	23587111	CRH up-regulates CRHR1 and CRHR2 mRNA expression.	reach	p(HGNC:CRH)	directlyIncreases	p(HGNC:CRHR1)
414dda3f-2ace-4319-b808-451296da7d88	0.95	23587111	We observed that CRH up-regulated the expression of both CRHR1 and CRHR2 in a dose dependent manner.	reach	p(HGNC:CRH)	directlyIncreases	p(HGNC:CRHR1)
e0e68125-874d-4464-a102-250578ff9283	0.98	23638035	with CRH can down-regulate its own CRHR1 receptor.	reach	p(HGNC:CRH)	directlyDecreases	act(p(HGNC:CRHR1))
9dd58ed9-99e4-4320-8113-053cc995b3a3	0.95	23688647	The CRF-R1 receptor mediates many of the anxiogenic effects of CRF and in support of this, CRF-R1 KO animals demonstrate impaired stress responses.	reach	p(HGNC:CRHR1)	directlyIncreases	act(p(HGNC:C1QL1))
7a70ebc4-52ec-4389-b454-672f044efed2	0.95	23755023	In addition to its effects on CeA GABAergic neurotransmission and its functional role in EtOH induced alterations to CeA activity, CRFR1 can also enhance CeA glutamatergic neurotransmission.	reach	p(HGNC:CRHR1)	directlyIncreases	act(p(HGNC:CEACAM5))
474ba54e-b4ee-4c5f-bcc3-c4852d958697	0.86	23804489	A CRF-R2 selective antagonist, anti-sauvagine-30, blocked ghrelin induced glucose uptake, Ghrelin upregulated CRF-R2 but not CRF-R1 levels.	reach	p(HGNC:GHRL)	directlyIncreases	p(HGNC:CRHR1)
474ba54e-b4ee-4c5f-bcc3-c4852d958697	0.86	23804489	Des-acyl ghrelin significantly increased the expression levels of CRF-R1 (XREF_FIG) as well as CRF-R2 (XREF_FIG) in a time- and dose dependent manner.	reach	p(HGNC:GHRL)	directlyIncreases	p(HGNC:CRHR1)
e0e68125-874d-4464-a102-250578ff9283	0.98	23846219	Following the demonstration of Ucn mRNA production by C-20/A4 cells the presence of functional endogenous Ucn production was confirmed by CRFR receptor blockade (by alpha-helical CRH (9-41), a competitive inhibitor of both CRFR1 and CRFR2 receptor subclasses) and the specific depletion of Ucn ligand released into the culture medium (using an Ucn specific antibody).	reach	p(HGNC:CRH)	directlyDecreases	act(p(HGNC:CRHR1))
ad63a3d4-b3a8-45d8-914e-8366a8935986	0.86	24055356	Intracerebroventricular injection of a selective corticotropin releasing factor receptor 1 (CRFR1) antagonist antalarmin (1 mug/5 mul), on the contrary, completely blocked the restraint induced CPP.	reach	p(HGNC:CRHR1)	directlyDecreases	act(p(UP:Q64755))
748b83ee-dd42-4562-be90-b245fd42fd87	1.0	24065955	This increase was largely mediated by CRH activation of CRH-R1 located on NI neurons, as pre-treatment with the CRH antagonist, antalarmin, reduced the increase in relaxin-3 mRNA expression by 70â€“80%.	sparser	p(HGNC:CRH)	directlyIncreases	act(p(HGNC:CRHR1))
f2af5c7f-6cb5-4fd3-942f-ac5f31681e44	0.99	24166410	In contrast, urocortin stimulates CRH-R1 and CRH-R2 at equal potency.	reach	p(HGNC:UCN)	directlyIncreases	act(p(HGNC:CRHR1))
a9742560-e0fb-41f0-91a8-9aca4c42c1bb	0.95	24361598	Adiponectin stimulated calcium influx and increased basal ACTH secretion without affecting corticotrophin releasing hormone (CRH)-stimulated ACTH secretion, which was most likely due to the expression of adiponectin repressing CRH receptor 1 (CRHR1).	reach	p(HGNC:CRHR1)	directlyDecreases	act(p(HGNC:CRH))
ad63a3d4-b3a8-45d8-914e-8366a8935986	0.86	24370534	Chronic administration of a CRF-R1 antagonist (antalarmin) blocks the environmental stress heightened cocaine CPP.	reach	p(HGNC:CRHR1)	directlyDecreases	act(p(UP:Q64755))
414dda3f-2ace-4319-b808-451296da7d88	0.95	24475032	Our findings that METH can cause increased mRNA expression of Crh and of its receptors (Crfr1 and Crhr1 and Crfr2 and Crhr2) are consistent with reports that both Crh and Crhr1 mRNA levels are increased by stress XREF_BIBR - XREF_BIBR and by intracerebral administration of CRH itself XREF_BIBR, XREF_BIBR.	reach	p(HGNC:CRH)	directlyIncreases	p(HGNC:CRHR1)
32455b0c-6408-4b4f-9ba7-577fdf79fc9b	0.86	24484650	In addition, ICV injection of CRH but not UCN-3 increased plasma corticosterone concentration (P < 0.05) and decreased the diencephalic mRNA expression of CRH-R1 (P < 0.05).	reach	p(HGNC:CRH)	directlyDecreases	p(HGNC:CRHR1)
cbee0d8d-d8ed-415a-8d8a-462b1c5bb74b	0.86	24518397	At the functional level, using luciferase assay, YY1 overexpression strongly enhanced Crhr1 promoter activity (P < 0.001), whereas activity of the methylated plasmid was significantly lower (P < 0.05; XREF_FIG).	reach	p(HGNC:YY1)	directlyIncreases	act(p(HGNC:CRHR1))
cbee0d8d-d8ed-415a-8d8a-462b1c5bb74b	0.86	24518397	In vitro overexpression of YY1 positively regulated Crhr1 (XREF_FIG), thus suggesting that higher expression of YY1 in vivo after CMS mediates higher expression of Crhr1.	reach	p(HGNC:YY1)	directlyIncreases	act(p(HGNC:CRHR1))
a9742560-e0fb-41f0-91a8-9aca4c42c1bb	0.95	24705860	CRH-R1 is most likely responsible for mediating the convulsant effects of CRH in the developing brain, as selective CRH-R1 antagonists increase the latency and decrease the duration of CRH induced seizures [XREF_BIBR].	reach	p(HGNC:CRHR1)	directlyDecreases	act(p(HGNC:CRH))
cab6b6c5-9868-426e-9167-b0cd0e351ee6	0.86	24806691	Intra-VTA antagonism of CRFR1, but not CRFR2, inhibited the induction of locomotor cross sensitization to cocaine, whereas both prevented dopaminergic cross sensitization and escalated cocaine self administration during a 24 h " binge. "	reach	p(HGNC:CRHR2)	directlyDecreases	act(p(HGNC:CRHR1))
ade3b614-2cde-4211-98b2-c6b76b3a31f4	0.94	24817815	CRHR1 is expressed on beta cells and stimulates beta cell proliferation and insulin secretion in a glucose dependent manner; XREF_BIBR some CRHR1 variants are associated with hypertension, XREF_BIBR thus CRHR1 dysfunction may lead to hyperglycemia, T2D, and high blood pressure of MetS.	reach	p(HGNC:CRHR1)	directlyIncreases	act(p(HGNC:INS))
a77e2c90-3c89-4cf6-9830-24fc12bdecee	0.86	24854026	Substance P can increase the expression of CRHR1 in mast cells in human skin XREF_BIBR.	reach	p(HGNC:TAC1)	directlyIncreases	p(HGNC:CRHR1)
414dda3f-2ace-4319-b808-451296da7d88	0.95	24949572	Both CRF and CRFR1 mRNA levels are increased by stress and by intracerebral administration of CRH itself.	reach	p(HGNC:CRH)	directlyIncreases	p(HGNC:CRHR1)
b7a016ed-0a17-4dda-8172-ca8df264669b	0.95	25262980	Another hypothesis for the increased mPFC 5-HT is that blockade of CRF-R1 may cause relative activation of CRF-R2, stimulating 5-HT flow.	reach	p(HGNC:CRHR1)	directlyDecreases	act(p(HGNC:CRHR2))
748b83ee-dd42-4562-be90-b245fd42fd87	1.0	25317845	Although dissection of potential contributions of cytokines signals can be difficult or impossible to quantitate in this experimental setting, the most logical explanation would be the activation of CRH-R1 in anterior pituitary by the circulating natural ligands : CRH and Ucn, induced by UVB, to initiate the following cascade of HPA activity : CRH + Ucn --> CRH-R1 --> POMC --> ACTH --> MC2R --> CORT To substantiate this hypothesis, we employed hypophysectomized mice.	reach	p(HGNC:CRH)	directlyIncreases	act(p(HGNC:CRHR1))
f2af5c7f-6cb5-4fd3-942f-ac5f31681e44	0.99	25317845	Although dissection of potential contributions of cytokines signals can be difficult or impossible to quantitate in this experimental setting, the most logical explanation would be the activation of CRH-R1 in anterior pituitary by the circulating natural ligands : CRH and Ucn, induced by UVB, to initiate the following cascade of HPA activity : CRH + Ucn --> CRH-R1 --> POMC --> ACTH --> MC2R --> CORT To substantiate this hypothesis, we employed hypophysectomized mice.	reach	p(HGNC:UCN)	directlyIncreases	act(p(HGNC:CRHR1))
de6e1055-a9bb-403f-8051-bcebab33094a	0.86	25324488	5.2 CRFR1 mediated upregulation of IRS2 and PI3K dependent activation of AKT in beta cells.	reach	p(HGNC:CRHR1)	directlyIncreases	act(p(FPLX:AKT))
4a407db2-cb38-495f-8415-5d0f93e69027	0.97	25324488	Additionally, CRFR1 signalling prevented cytokine mediated decrease in AKT phosphorylation as well as dephosphorylation of the AKT target BAD, all favouring survival.	reach	p(HGNC:CRHR1)	directlyIncreases	p(FPLX:AKT, pmod(Ph))
4a407db2-cb38-495f-8415-5d0f93e69027	0.97	25324488	Additionally, CRFR1 signalling prevented cytokine mediated decrease in AKT phosphorylation as well as dephosphorylation of the AKT target BAD, all favouring survival.	reach	p(HGNC:CRHR1)	directlyIncreases	p(FPLX:AKT, pmod(Ph))
bce8f4d5-1074-4017-beec-76e10a7d374e	0.92	25324488	In rat and mouse insulin secreting cell lines (INS-1 and MIN6) CRFR1 agonists upregulated insulin receptor substrate 2 (IRS2) expression, increased AKT activation, counteracted cytokine mediated decrease in BAD phosphorylation, and inhibited apoptosis.	reach	p(HGNC:CRHR1)	directlyIncreases	p(HGNC:IRS2)
14367f12-f8b2-466b-a1b4-3450ffc2114c	1.0	25324488	Surprisingly, cytokine induced ERK1/2 phosphorylation was potentiated by CRFR1 agonists in INS-1 cells.	reach	p(HGNC:CRHR1)	directlyIncreases	p(FPLX:ERK, pmod(Ph))
de6e1055-a9bb-403f-8051-bcebab33094a	0.86	25324488	These data suggest that the CRFR1 selective agonists can activate AKT and inhibit apoptosis in cultured human islets.	reach	p(HGNC:CRHR1)	directlyIncreases	act(p(FPLX:AKT))
bce8f4d5-1074-4017-beec-76e10a7d374e	0.92	25324488	To investigate if CRFR1 agonists could increase IRS2 expression in beta cells, INS-1 cells were treated with oCRF or rUcn1 for various time points ranging from 30 min to 24 h. From this experiment we conclude that CRFR1 activation leads to increased protein levels of IRS2, peaking at around 8 h of treatment (XREF_FIG).	reach	p(HGNC:CRHR1)	directlyIncreases	p(HGNC:IRS2)
3fdf3521-dc4b-4841-9310-9fde2cd5df56	0.98	25324488	Together these data suggest CRFR1 mediated PKA dependent upregulation of IRS2 precedes AKT activation.	reach	p(HGNC:CRHR1)	directlyIncreases	act(p(FPLX:PKA))
bce8f4d5-1074-4017-beec-76e10a7d374e	0.92	25324488	We have previously demonstrated robust CRFR1 mediated increase in CREB phosphorylation and in the current study reveal a time- and PKA dependent increase in IRS2 protein expression following CRFR1 activation in INS-1 cells peaking before maximum AKT activation.	reach	p(HGNC:CRHR1)	directlyIncreases	p(HGNC:IRS2)
ade3b614-2cde-4211-98b2-c6b76b3a31f4	0.94	25324488	We have previously shown that CRFR1 activation increases insulin secretion from pancreatic islets.	reach	p(HGNC:CRHR1)	directlyIncreases	act(p(HGNC:INS))
39e27285-c551-468f-8516-956957c502ea	0.86	25349575	XREF_BIBR CRHR1 exerted vasoprotective effects during vascular inflammation : blockade of CRHR1 significantly increased the tumor necrosis factor induced expression of vascular adhesion molecule-1 and E-selectin in human aortic endothelial cells.	reach	p(HGNC:CRHR1)	directlyDecreases	act(p(HGNC:TNF))
e0e68125-874d-4464-a102-250578ff9283	0.98	25573209	Stimulation or inhibition of the CRHR1 by CRH, related peptide analogues, non-peptide agonists or antagonists will precipitate or inhibit behavioral, neuroendocrine and sympathetic stress responses.	sparser	p(HGNC:CRH)	directlyDecreases	act(p(HGNC:CRHR1))
7a70ebc4-52ec-4389-b454-672f044efed2	0.95	25716197	Together, these findings suggest that CRF may modulate CeA glutamatergic signaling and that this mechanism could have more functional relevance to anxiety like behaviors, and potentially ethanol related behaviors, than CRFR modulation of CeA GABAergic signaling.	reach	p(HGNC:CRHR1)	directlyIncreases	act(p(HGNC:CEACAM5))
e3e6178e-080d-4317-95e7-73b96cb8ad5b	0.86	25806005	For example, in two different transgenic mouse models of AD, the pre-stress application of a CRF receptor Type 1 (CRFr1) antagonist prevented the stress induced accumulation of Abeta, tau aggregation, neurodegeneration, and memory impairments.	reach	p(HGNC:CRHR1)	directlyDecreases	act(p(HGNC:APP))
d63e5e6c-63ec-4a50-b4cd-174ac3fa1a38	0.97	25846623	CRF increased a latent NMDA receptor-mediated synaptic component through CRF1 receptor-mediated PKA activation.	sparser	p(FPLX:PKA)	directlyIncreases	act(p(HGNC:CRHR1))
751e5d4d-1283-4ef7-87bf-0647942dc2e9	0.86	25964433	They also suggest that direct targeting of CRF might be necessary to effectively modulate this pathway for therapeutic benefit in AD, as CRFR1 antagonists increase Abeta and in some cases preferentially increase Abeta42 via complex effects on gamma-secretase.	reach	p(HGNC:CRHR1)	directlyIncreases	act(p(HGNC:APP))
751e5d4d-1283-4ef7-87bf-0647942dc2e9	0.86	25964433	Unexpectedly, CRFR1 antagonists also increased Abeta.	reach	p(HGNC:CRHR1)	directlyIncreases	act(p(HGNC:APP))
5b231598-ce01-40b9-8bc3-5180bf94cc93	0.86	25998380	By evaluating the cAMP accumulation in the CRFR1 or CRFR2 expressing HEK293 cells, we demonstrated that P7 blocking the function of CRFR1, but not CRFR2.	reach	p(HGNC:SLC10A7)	directlyDecreases	act(p(HGNC:CRHR1))
5b231598-ce01-40b9-8bc3-5180bf94cc93	0.86	25998380	Taken together, we reveal that P7, a novel polypeptide identified from phage display library, inhibits the function of CRFR1 effectively and specifically by binding at its EC1 domain.	reach	p(HGNC:SLC10A7)	directlyDecreases	act(p(HGNC:CRHR1))
382a7567-9ed2-4d0a-a45e-4a6abf33b8e8	0.86	26074770	Although the CRFR 1 is usually classified as GPCR that is coupled to Galpha s (activation of adenylcyclase), there are several reports that CRFR 1 signaling can activate Galpha q/11 cascades as well.	reach	p(HGNC:CRHR1)	directlyIncreases	act(p(FPLX:"G_alpha"))
9dd58ed9-99e4-4320-8113-053cc995b3a3	0.95	26074770	CRFR 1 Mediate the Actions of CRF in PC.	reach	p(HGNC:CRHR1)	directlyIncreases	act(p(HGNC:C1QL1))
5e2d2999-be35-47e5-94df-4277338a711f	0.99	26074770	Induction of DOI Activity is Dependent on Previous CRF Activation of CRFR 1 .	sparser	p(HGNC:C1QL1)	directlyIncreases	act(p(HGNC:CRHR1))
e48394bf-81d6-4b17-8440-dff6779f8da4	0.95	26074770	It has been previously reported that CRFR 1 potentiates 5-HT 2 R mediated signaling in vitro.	reach	p(HGNC:CRHR1)	directlyIncreases	act(p(HGNC:HTR2A))
382a7567-9ed2-4d0a-a45e-4a6abf33b8e8	0.86	26074770	It is more likely that divergent actions of CRF are, at least, in part due to divergent signaling pathways as other studies have shown that CRFR 1 can activate either Galpha s or Galpha q/11 signaling.	reach	p(HGNC:CRHR1)	directlyIncreases	act(p(FPLX:"G_alpha"))
4a407db2-cb38-495f-8415-5d0f93e69027	0.97	26110874	CRH via CRHR1 induced phosphorylation of Akt, and blockade of this pathway abrogated the effect of CRH on ABCA-1 expression ( xref ).	sparser	p(HGNC:CRHR1)	directlyIncreases	p(FPLX:AKT, pmod(Ph))
60933417-a6e1-4e7a-8ffb-6f7cdbeb41f3	0.94	26216727	Based on the previous and the present results we conclude that CRFR1 agonists can activate the HPA axis not only directly, but also indirectly by increasing the amygdalar GABA release and decreasing the hippocampal glutamate release.	reach	p(HGNC:CRHR1)	directlyIncreases	act(p(HGNC:HPSE))
14e39c99-8a80-4a05-80d4-9b78eca715e5	0.95	26352593	However, depending on its cellular localization and context, CRHR1 can activate multiple G proteins, which can trigger alternative second messengers [ xref ].	sparser	p(HGNC:CRHR1)	directlyIncreases	act(p(FPLX:"G_protein"))
14e39c99-8a80-4a05-80d4-9b78eca715e5	0.95	26352593	However, depending on its cellular localization and context, CRHR1 can activate multiple G proteins, which can trigger alternative second messengers [XREF_BIBR].	reach	p(HGNC:CRHR1)	directlyIncreases	act(p(FPLX:"G_protein"))
b7a016ed-0a17-4dda-8172-ca8df264669b	0.95	26403083	Intra-VTA antagonism of CRF-R2, but not CRF-R1, prevents the repeated stress induced extracellular dopamine increase in the NAcSh.	reach	p(HGNC:CRHR1)	directlyDecreases	act(p(HGNC:CRHR2))
b7a016ed-0a17-4dda-8172-ca8df264669b	0.95	26403083	Intra-VTA antagonism of CRF-R2, but not CRF-R1, prevents the repeated stress induced extracellular dopamine increase in the mPFC.	reach	p(HGNC:CRHR1)	directlyDecreases	act(p(HGNC:CRHR2))
b7a016ed-0a17-4dda-8172-ca8df264669b	0.95	26403083	Similarly, intra-VTA antagonism of CRF-R2, but not CRF-R1, prevented the stress induced dopamine increase in the NAcSh during stress (XREF_FIG).	reach	p(HGNC:CRHR1)	directlyDecreases	act(p(HGNC:CRHR2))
4d7fe955-7969-4f82-81de-67547f13da94	0.86	26454419	According to the proposed opposing actions of CRHR1 and CRHR2 in control of anxiety related serotonergic systems, local blockade of CRHR1 in the DR increased acoustic startle induced TPH2 activity in the DRD and DRC and in the DRV.	reach	p(HGNC:CRHR1)	directlyDecreases	act(p(HGNC:TPH2))
4d7fe955-7969-4f82-81de-67547f13da94	0.86	26454419	Local CRHR2 blockade prevents, while CRHR1 blockade potentiates stress induced TPH2 activity.	reach	p(HGNC:CRHR1)	directlyDecreases	act(p(HGNC:TPH2))
e3e6178e-080d-4317-95e7-73b96cb8ad5b	0.86	26555315	In particular, our recently published work demonstrates that genetic ablation of CRFR1 greatly reduces the production of APP CTFs and accumulation of Abeta in the brains of AD mice [XREF_BIBR].	reach	p(HGNC:CRHR1)	directlyDecreases	act(p(HGNC:APP))
f53765a2-e6c4-439d-959a-a4a77b58fcf5	0.86	26576941	XREF_BIBR have shown that an acute CRF-R1 antagonist significantly increased spontaneously active dopamine neuronal firing in the NAc.	reach	p(HGNC:CRHR1)	directlyIncreases	act(p(HGNC:NLRP1))
611bcd57-b426-44fe-99f5-8f6b808f21e3	0.92	26630389	After the infusion, dams treated with the CRF-R1 agonist showed significantly less nursing at t +30 min compared with the previous time-point (p = 0.02), as well as at t +30 min, t +60 min, t +90 min and t +300 min (p < 0.01 in each case) compared with the VEH treated rats.	reach	p(HGNC:CRHR1)	directlyIncreases	act(p(HGNC:"SMAD5-AS1"))
611bcd57-b426-44fe-99f5-8f6b808f21e3	0.92	26630389	Before the infusion, dams treated with the CRF-R1 antagonist (p = 0.03) or CRF-R2 agonist (p < 0.01) displayed more ABN at t-30min compared with the VEH group.	reach	p(HGNC:CRHR1)	directlyIncreases	act(p(HGNC:"SMAD5-AS1"))
611bcd57-b426-44fe-99f5-8f6b808f21e3	0.92	26630389	Dams treated with the CRF-R1 agonist (p < 0.01) or CRF-R2 agonist (p < 0.01) showed a significant reduction in nursing compared with those treated with VEH.	reach	p(HGNC:CRHR1)	directlyIncreases	act(p(HGNC:"SMAD5-AS1"))
60933417-a6e1-4e7a-8ffb-6f7cdbeb41f3	0.94	26630389	Given avBNST neurons send GABAergic projections to the PVN CRF neurons, activation of adBNST CRF-R1 might activate the HPA axis via disinhibition of the GABAergic input to the hypothalamus from the avBNST.	reach	p(HGNC:CRHR1)	directlyIncreases	act(p(HGNC:HPSE))
e89f313b-9eed-4ca2-b597-2f2651e3d368	0.86	26630389	Here, acute activation of CRF-R1 increased plasma ACTH and CORT, while activation of CRF-R2 increased ACTH to a lesser extent than CRF-R1 activation and affected CORT in a stress dependent context, indicating differential regulation of the HPA axis by the two receptor subtypes.	reach	p(HGNC:CRHR1)	directlyIncreases	act(p(HGNC:CORT))
e89f313b-9eed-4ca2-b597-2f2651e3d368	0.86	26630389	Infusion of the CRF-R1 agonist significantly increased plasma CORT concentrations compared with basal levels (p < 0.01).	reach	p(HGNC:CRHR1)	directlyIncreases	act(p(HGNC:CORT))
60933417-a6e1-4e7a-8ffb-6f7cdbeb41f3	0.94	26816522	Other candidates showing associations with plasticity include genes involved in HPA signaling such as the corticotropin releasing hormone receptor 1 gene (CRHR1) [XREF_BIBR], as well as the brain derived neurotrophic factor gene (BDNF) and the acetylcholine receptor gene, both of which regulate learning and neuronal growth [XREF_BIBR].	reach	p(HGNC:CRHR1)	directlyIncreases	act(p(HGNC:HPSE))
a9742560-e0fb-41f0-91a8-9aca4c42c1bb	0.95	26821211	Following exposure to chronic CORT, however, this same dose of CRHR1 antagonist abrogated the CORT mediated upregulation of CRH.	reach	p(HGNC:CRHR1)	directlyDecreases	act(p(HGNC:CRH))
10f2c1b1-e311-4ab3-808a-d916500dd108	0.86	26821211	With respect to the PFC, these data present new findings demonstrating that AEA concentrations in the PFC are susceptible to CRHR1 dependent reductions, likely mediated by CRHR1 driven increases in FAAH enzymatic activity.	reach	p(HGNC:CRHR1)	directlyIncreases	act(p(HGNC:FAAH))
9dd58ed9-99e4-4320-8113-053cc995b3a3	0.95	26831220	Furthermore, selective CRFR1 antagonist antalarmin or selective CRFR2 antagonist antisauvagine-30 partly decreased tachycardiac response to microinjecting CRF into the PH, while broad-spectrum CRF receptor antagonist astressin totally blocked the response (XREF_FIG), demonstrating that the tachycardiac response to CRF microinjected into the PH is mediated by activation of both CRFR1 and CRFR2.	reach	p(HGNC:CRHR1)	directlyIncreases	act(p(HGNC:C1QL1))
9623d599-8fef-449a-bc0b-e42233ca66b2	0.86	26898829	In HEK 293 cells, PSD-95 overexpression inhibited CRFR1 endocytosis, whereas PSD-95 shRNA knockdown enhanced CRFR1 endocytosis.	reach	p(HGNC:DLG4)	directlyDecreases	act(p(HGNC:CRHR1))
9623d599-8fef-449a-bc0b-e42233ca66b2	0.86	26898829	In HEK 293 cells, PSD-95 overexpression inhibited CRFR1 endocytosis, whereas PSD-95 shRNA knockdown enhanced CRFR1 endocytosis.	reach	p(HGNC:DLG4)	directlyDecreases	act(p(HGNC:CRHR1))
10f2c1b1-e311-4ab3-808a-d916500dd108	0.86	26923505	Thus, FAAH inhibition may be even more effective in the context of both high CRHR1 and AEA signaling, as it may prevent the anxiogenic effects of CRH by blocking the ability of CRHR1 stimulated increases in FAAH to inhibit AEA.	reach	p(HGNC:CRHR1)	directlyIncreases	act(p(HGNC:FAAH))
3fdf3521-dc4b-4841-9310-9fde2cd5df56	0.98	26968975	Also CRH or LPS, particularly CRH + LPS, stimulate TNF-alpha, IL-6, and NO release in cultured primary microglia via CRH activated CRHR1 signaling PKA.	reach	p(HGNC:CRHR1)	directlyIncreases	act(p(FPLX:PKA))
d63e5e6c-63ec-4a50-b4cd-174ac3fa1a38	0.97	26968975	Also CRH or LPS, particularly CRH + LPS, stimulate TNF-alpha, IL-6, and NO release in cultured primary microglia via CRH activated CRHR1 signaling PKA.	reach	p(FPLX:PKA)	directlyIncreases	act(p(HGNC:CRHR1))
3fdf3521-dc4b-4841-9310-9fde2cd5df56	0.98	26968975	This depends on TLR4 initiated MAPKs and NF-kappaB and CRHR1 initiated cAMP and PKA signaling to activate AQP4 and eventually induce cytotoxic and vasogenic edema.	reach	p(HGNC:CRHR1)	directlyIncreases	act(p(FPLX:PKA))
cdc782fd-312c-4d03-857f-94245a9ed144	0.95	27028781	Moreover, different CRF-R antagonists, such as alpha-helical CRF (9-41) and astressin-B (i.e. a nonselective CRF-R antagonist versus a selective CRF-R1 antagonist), have been used in these studies.	reach	p(HGNC:C1QL1)	directlyDecreases	act(p(HGNC:CRHR1))
f257504e-634d-4c85-8d68-8ca8dafc9022	0.95	27153520	Both light enhanced and CRF enhanced startle, but not fear potentiated startle to short duration cues, are blocked by non selective CRF antagonism in the BNST and selective CRFr1 antagonism peripherally.	reach	p(HGNC:CRHR1)	directlyDecreases	act(p(HGNC:C1QL1))
cdc782fd-312c-4d03-857f-94245a9ed144	0.95	27211900	Arc-CRFR1 neurons are innervated by CRF neurons in the hypothalamic paraventricular nucleus, and CRF application decreases AgRP + CRFR1 + neurons ' excitability.	reach	p(HGNC:C1QL1)	directlyDecreases	act(p(HGNC:CRHR1))
4627f5ec-85ca-44b7-836e-7439de1d8df7	0.92	27211900	CRFR1 Signaling in AgRP Neurons Regulates Heat Production.	reach	p(HGNC:CRHR1)	directlyIncreases	act(p(HGNC:AGRP))
60933417-a6e1-4e7a-8ffb-6f7cdbeb41f3	0.94	27211900	In addition, we confirmed that pituitary Crfr1 expression level and both basal and stress induced hypothalamic-pituitary-adrenal (HPA) axis function was intact in AgRPDeltaCRFR1 mice (XREF_SUPPLEMENTARY B and S3C).	reach	p(HGNC:CRHR1)	directlyIncreases	act(p(HGNC:HPSE))
4627f5ec-85ca-44b7-836e-7439de1d8df7	0.92	27211900	This suggests that despite projecting to brain regions associated with the orexigenic action of AgRP, CRFR1 signaling in AgRP + CRFR1 + neurons does not modulate feeding directly.	reach	p(HGNC:CRHR1)	directlyIncreases	act(p(HGNC:AGRP))
4627f5ec-85ca-44b7-836e-7439de1d8df7	0.92	27211900	To determine the significance of CRFR1 signaling in AgRP neurons in regulating energy homeostasis, we generated mice lacking CRFR1 specifically in AgRP neurons (AgRPDeltaCRFR1; XREF_FIG A).	reach	p(HGNC:CRHR1)	directlyIncreases	act(p(HGNC:AGRP))
414dda3f-2ace-4319-b808-451296da7d88	0.95	27220856	CRH-R1 expression in adenomatous specimens was modulated by CRH itself, with a median twofold increase.	reach	p(HGNC:CRH)	directlyIncreases	p(HGNC:CRHR1)
9ce74579-2a04-491f-a4b8-4d71fefdb379	0.94	27374820	In cultured pituitary cells, CRF-BP attenuates CRF-R1 activity, suggesting an inhibitory role for CRF-BP.	reach	p(HGNC:CRHBP)	directlyDecreases	act(p(HGNC:CRHR1))
9ce74579-2a04-491f-a4b8-4d71fefdb379	0.94	27374820	The observed decrease in CRF-BP mRNA expression could lead to increased free CRF available to bind to and activate CRF-R1 receptors in the mPFC, which may contribute to excessive binge like ethanol consumption.	reach	p(HGNC:CRHBP)	directlyDecreases	act(p(HGNC:CRHR1))
14e39c99-8a80-4a05-80d4-9b78eca715e5	0.95	27402953	Although there is no doubt that CRHR1 activates G protein responsive tmACs at the plasma membrane, our data support a critical contribution of G protein independent sAC to the cAMP response to CRH that is linked to ERK1/2 activation in cellular contexts of CRHR1 signaling.	reach	p(HGNC:CRHR1)	directlyIncreases	act(p(FPLX:"G_protein"))
748b83ee-dd42-4562-be90-b245fd42fd87	1.0	27402953	CRH-activated CRHR1 has been shown to trigger an increase in calcium in several cellular contexts ( xref ; xref ; xref ).	sparser	p(HGNC:CRH)	directlyIncreases	act(p(HGNC:CRHR1))
748b83ee-dd42-4562-be90-b245fd42fd87	1.0	27402953	Our work in the hippocampal neuronal context, HT22 cells, also indicates that CRH-activated CRHR1 continues to generate cAMP from endocytic compartments, as recently demonstrated for several GPCRs ( xref ; xref ).	sparser	p(HGNC:CRH)	directlyIncreases	act(p(HGNC:CRHR1))
3d519729-e651-472e-a4a8-001df9a58230	0.98	27402953	We have previously described that in a hippocampal neuronal context, CRHR1 mediated ERK1/2 activation triggered by CRH is biphasic, with an early phase peaking at 3-6 min that is dependent on B-Raf and protein kinase A (PKA) and a late phase of sustained ERK1/2 phosphorylation (20-60 min) dependent on CRHR1 internalization and beta-arrestin2.	reach	p(HGNC:CRHR1)	directlyIncreases	act(p(FPLX:ERK))
c17cf0f8-9c7a-4b61-97a9-72085c3d0999	0.95	27402953	beta-Arrestins and CRHR1 internalization contribute to ERK1/2 activation in response to CRH, suggesting sustained CRHR1 signaling in endosomes.	reach	p(HGNC:CRHR1)	directlyIncreases	act(p(HGNC:CRH))
3d519729-e651-472e-a4a8-001df9a58230	0.98	27402955	In a previous work, these authors showed that Erk activation by corticotropin releasing hormone receptor 1 (CRHR1) signaling is biphasic, with an early response originating from the PM and a late response that is endocytosis dependent.	reach	p(HGNC:CRHR1)	directlyIncreases	act(p(FPLX:ERK))
dd97a925-948d-40c0-a7f7-67b8a5cfc09a	0.95	27524410	It is well established that CRF and UCN1 enhance expression of POMC trough CRFR1 receptor mediated activation of adenylate cyclase.	reach	p(HGNC:C1QL1)	directlyIncreases	p(HGNC:CRHR1)
979b9b91-66db-4b66-8d63-eccacbaa97a4	0.88	27524410	It is well established that CRF and UCN1 enhance expression of POMC trough CRFR1 receptor-mediated activation of adenylate cyclase ( xref ).	sparser	p(HGNC:POMC)	directlyIncreases	act(p(HGNC:CRHR1))
76fd3eaf-f477-459a-a09a-b94f72211e42	0.92	27567117	Indeed, PAE reduced CRHR1 expression in the medial amygdala of adult males and females, reduced CRHR1 expression in the basolateral amygdala of adult females, and reduced CRHR1 expression in the anterior cingulate and prelimbic cortices of adult males.	reach	p(PFAM:PF03283)	directlyDecreases	p(HGNC:CRHR1)
76fd3eaf-f477-459a-a09a-b94f72211e42	0.92	27567117	Moreover, PAE reduced CRHR1 mRNA expression in the basolateral amygdala compared to control females independent of CMS exposure [main effect of prenatal treatment for basolateral amygdala (F (1,27) = 4.51, p = 0.043)].	reach	p(PFAM:PF03283)	directlyDecreases	p(HGNC:CRHR1)
76fd3eaf-f477-459a-a09a-b94f72211e42	0.92	27567117	The present findings support and extend our previous work indicating that PAE reduces CRHR1 mRNA expression in the pituitary, now demonstrating that PAE alters the central CRH system.	reach	p(PFAM:PF03283)	directlyDecreases	p(HGNC:CRHR1)
9ce74579-2a04-491f-a4b8-4d71fefdb379	0.94	27641503	In males, the reduced production of CRH allows CRHBP released from OxtrINs to block activation of CRHR1 in layer 2/3 pyramidal cells, thus modulating anxiety related behaviors.	reach	p(HGNC:CRHBP)	directlyDecreases	act(p(HGNC:CRHR1))
5e2d2999-be35-47e5-94df-4277338a711f	0.99	27818644	Notably, the preferential, but non selective, activation of CRFR1 by CRF itself, whether icv or in different brain regions, produces inconsistent outcomes in alcohol drinking [e.g., Ref.]	reach	p(HGNC:C1QL1)	directlyIncreases	act(p(HGNC:CRHR1))
5e2d2999-be35-47e5-94df-4277338a711f	0.99	27845775	Consistent with the previous characterization of CRHBP-/- mice, XREF_BIBR, XREF_BIBR, XREF_BIBR, XREF_BIBR our results indicated that, in the absence of the CRFBP, higher levels of unbound CRF increase CRFR activation, leading to increased ethanol consumption in the CRHBP-/- mice.	reach	p(HGNC:C1QL1)	directlyIncreases	act(p(HGNC:CRHR1))
9dd58ed9-99e4-4320-8113-053cc995b3a3	0.95	27845775	Consistent with the previous characterization of CRHBP-/- mice, XREF_BIBR, XREF_BIBR, XREF_BIBR, XREF_BIBR our results indicated that, in the absence of the CRFBP, higher levels of unbound CRF increase CRFR activation, leading to increased ethanol consumption in the CRHBP-/- mice.	reach	p(HGNC:CRHR1)	directlyIncreases	act(p(HGNC:C1QL1))
7a70ebc4-52ec-4389-b454-672f044efed2	0.95	28017470	CRFR1 receptor signaling in the CeA is critical for learning about weak threats.	reach	p(HGNC:CRHR1)	directlyIncreases	act(p(HGNC:CEACAM5))
7a70ebc4-52ec-4389-b454-672f044efed2	0.95	28017470	These findings demonstrate that CRFR1 signaling in the CeA is a potent modulator of excitatory transmission from the LA, an important circuit connection implicated in both fear acquisition and expression.	reach	p(HGNC:CRHR1)	directlyIncreases	act(p(HGNC:CEACAM5))
7a70ebc4-52ec-4389-b454-672f044efed2	0.95	28017470	We further show that CRF potently enhances glutamatergic synaptic transmission onto CRFR1 neurons and CRFR1 signaling in the CeA is critical for discriminative fear.	reach	p(HGNC:CRHR1)	directlyIncreases	act(p(HGNC:CEACAM5))
7a70ebc4-52ec-4389-b454-672f044efed2	0.95	28017470	We further show that excitability of genetically isolated CRF-receptive (CRFR1) neurons in the CeA is potently enhanced by CRF and that CRFR1 signaling in the CeA is critical for discriminative fear.	reach	p(HGNC:CRHR1)	directlyIncreases	act(p(HGNC:CEACAM5))
5a7f93c2-3444-44d4-ae9a-9ad030783a43	0.92	28109061	We subsequently demonstrated that UCN1 reduced endometrial cancer migration via CRFR2, as suppression of migration was completely eliminated by the addition of the CRFR2 antagonist whereas the addition of the CRFR1 antagonist did not reverse UCN1 induced suppression of migration.	reach	p(HGNC:CRHR1)	directlyDecreases	act(p(HGNC:UCN))
952aa7f9-1e37-4840-bfd5-8ed7d8600113	0.92	28469557	MS has been observed to significantly increase CRHR1 protein levels in response to acute stress, compared to non MS controls.	reach	p(HGNC:MTR)	directlyIncreases	p(HGNC:CRHR1)
952aa7f9-1e37-4840-bfd5-8ed7d8600113	0.92	28469557	MS was found to increase CRHR1 mRNA expression in the MeA during infancy, and decrease CRHR1 and CRHR2 mRNA levels in the CeA.	reach	p(HGNC:MTR)	directlyIncreases	p(HGNC:CRHR1)
cab6b6c5-9868-426e-9167-b0cd0e351ee6	0.86	28492284	Activation of CRHR2 inhibits CRHR1 induced intestinal inflammation, as well as endogenous and inflammatory angiogenesis XREF_BIBR.	reach	p(HGNC:CRHR2)	directlyDecreases	act(p(HGNC:CRHR1))
45612fd6-507a-4ac0-8993-3fe966668a99	0.86	28492284	CRHR1 restored MS induced microbiome changes.	reach	p(HGNC:CRHR1)	directlyIncreases	act(p(HGNC:MTR))
b7a016ed-0a17-4dda-8172-ca8df264669b	0.95	28492284	To elucidate the roles of CRHR1 and CRHR2 in MS induced gut injury, we administered : i) Astressin, a non specific CRHR antagonist of both CRHR1 and CRHR2, ii) Antalarmin, a CRHR1 antagonist, or iii) Astressin-2beta, a CRHR2 antagonist prior to MS on each day from postnatal day 5 to 9 (XREF_FIG).	reach	p(HGNC:CRHR1)	directlyDecreases	act(p(HGNC:CRHR2))
0a605dbf-88c5-4a68-90e5-c66431d1d055	0.92	28512295	Corticotropin releasing hormone receptor 1 (CRHR1) activates the atypical soluble adenylyl cyclase (sAC) in addition to transmembrane adenylyl cyclases (tmACs).	reach	p(HGNC:CRHR1)	directlyIncreases	act(p(PFAM:PF04199))
3d519729-e651-472e-a4a8-001df9a58230	0.98	28512295	In presence of two different MEK1/2 inhibitors, U0126 and PD98059, CRHR1 mediated ERK1/2 activation was completely abolished while no differences were observed in CREB activation when cells were stimulated with CRH or UCN1.	reach	p(HGNC:CRHR1)	directlyIncreases	act(p(FPLX:ERK))
748b83ee-dd42-4562-be90-b245fd42fd87	1.0	28512295	We have previously determined that CRH stimulation of CRHR1 leads to a rapid and sustained increase of intracellular cAMP levels using the HT22-CRHR1 cell line as a neuronal hippocampal model 9.	reach	p(HGNC:CRH)	directlyIncreases	act(p(HGNC:CRHR1))
952aa7f9-1e37-4840-bfd5-8ed7d8600113	0.92	28611665	(2) Neonatal MS increases the expression of TLR4 mRNA, CRF protein and mRNA, CRFR1 protein, TNF-alpha protein, and IL-1beta protein in Tlr4 +/+ mice.	reach	p(HGNC:MTR)	directlyIncreases	p(HGNC:CRHR1)
e48394bf-81d6-4b17-8440-dff6779f8da4	0.95	28626787	Further, CRH pre-administration into the prefrontal cortex enhances 5-HT 2 receptor agonist evoked anxiety like behaviors likely through a CRHR1 induced sensitization of 5-HT 2 receptor signaling, indicating an interaction between 5-HT 2 receptors, CRH and CRHR1.	reach	p(HGNC:CRHR1)	directlyIncreases	act(p(HGNC:HTR2A))
f2af5c7f-6cb5-4fd3-942f-ac5f31681e44	0.99	28633663	In terms of specificity towards CRHR1 and 2, i) CRH has specificity for the CRHR1, ii) urocortin 1 can activate both CRHR1 and CRHR2, and iii) urocortin 2 and 3 are unique in that they show specificity for CRHR2 and do not appear to have affinity for CRHR1 at physiologic concentrations [XREF_BIBR, XREF_BIBR].	reach	p(HGNC:UCN)	directlyIncreases	act(p(HGNC:CRHR1))
dbc9f4cb-9f8f-41ba-bdc2-d56f62fc6f16	0.94	28761205	26 CRH binds to corticotropin releasing hormone receptor-1 (CRHR1) and stimulates the transcription of the proopiomelanocortin (POMC) gene and the expression of adrenocorticotropic hormone as well as beta-endorphin.	reach	complex(p(HGNC:CRH), p(HGNC:CRHR1))	directlyIncreases	act(p(HGNC:POMC))
ea058507-c5e9-475c-8aff-0a76e8744f26	0.92	28761205	26 CRH binds to corticotropin releasing hormone receptor-1 (CRHR1) and stimulates the transcription of the proopiomelanocortin (POMC) gene and the expression of adrenocorticotropic hormone as well as beta-endorphin.	reach	complex(p(HGNC:CRH), p(HGNC:CRHR1))	directlyIncreases	p(HGNC:POMC)
ea058507-c5e9-475c-8aff-0a76e8744f26	0.92	28761205	26 CRH binds to corticotropin releasing hormone receptor-1 (CRHR1) and stimulates the transcription of the proopiomelanocortin (POMC) gene and the expression of adrenocorticotropic hormone as well as beta-endorphin.	reach	complex(p(HGNC:CRH), p(HGNC:CRHR1))	directlyIncreases	p(HGNC:POMC)
e075b3cb-d141-4d8e-b914-75eab64e9beb	0.92	28879214	Downregulation of CRHR1 in the pituitary may decrease the release of ACTH and hence, may have an important function on regulation of the HPA axis in chickens.	reach	p(HGNC:CRHR1)	directlyDecreases	act(p(HGNC:POMC))
a9742560-e0fb-41f0-91a8-9aca4c42c1bb	0.95	29021740	Also, there were significant reduction in the hypothalamus CRH and CRHR1 mRNA expression in the EA group compared with the hepatectomy group at 4 h (p < 0.05) and 1 day (p < 0.05) after surgery.	reach	p(HGNC:CRHR1)	directlyDecreases	act(p(HGNC:CRH))
dbc9f4cb-9f8f-41ba-bdc2-d56f62fc6f16	0.94	29035323	CRH binding to CRFR1 leads to the synthesis of adrenocorticotropic hormone (ACTH) from pre-pro-opiomelanocortin (pre-POMC) and induces ACTH secretion into the systemic circulation (XREF_FIG).	reach	complex(p(HGNC:CRH), p(HGNC:CRHR1))	directlyIncreases	act(p(HGNC:POMC))
dbc9f4cb-9f8f-41ba-bdc2-d56f62fc6f16	0.94	29035323	CRH binding to CRFR1 leads to the synthesis of adrenocorticotropic hormone (ACTH) from pre-pro-opiomelanocortin (pre-POMC) and induces ACTH secretion into the systemic circulation (XREF_FIG).	reach	complex(p(HGNC:CRH), p(HGNC:CRHR1))	directlyIncreases	act(p(HGNC:POMC))
9ce74579-2a04-491f-a4b8-4d71fefdb379	0.94	29066956	Strikingly, inhibition of CRH-BP with CRH 6-33 (a peptide that does not activate CRH receptors), both alone and in the presence of CRH, significantly increased pyramidal cell activity in the male mPFC, suggesting that CRH-BP normally inhibits CRH-R1 activation on layer II/III pyramidal neurons.	reach	p(HGNC:CRHBP)	directlyDecreases	act(p(HGNC:CRHR1))
15226d87-1eff-4720-9487-0fac33acf616	0.86	29069262	In the affected poodle, the increased ACTH stimulation and secretion caused by the increased affinity of the mutant CRHR1 for CRH might have taken several years to promote corticotroph hyperplasia.	reach	p(HGNC:CRHR1, var("p.?"))	directlyIncreases	act(p(HGNC:POMC))
15226d87-1eff-4720-9487-0fac33acf616	0.86	29069262	In vitro functional studies showed that mutant CRHR1 induced higher ACTH secretion than the wild type after stimulation with human CRH.	reach	p(HGNC:CRHR1, var("p.?"))	directlyIncreases	act(p(HGNC:POMC))
dbc9f4cb-9f8f-41ba-bdc2-d56f62fc6f16	0.94	29069262	The secretion of ACTH is mainly controlled by corticotropin releasing hormone (CRH), which binds to its receptor CRHR1 and activates the transcription of proopiomelanocortin (POMC) to release ACTH.	reach	complex(p(HGNC:CRH), p(HGNC:CRHR1))	directlyIncreases	act(p(HGNC:POMC))
ea058507-c5e9-475c-8aff-0a76e8744f26	0.92	29069262	The secretion of ACTH is mainly controlled by corticotropin releasing hormone (CRH), which binds to its receptor CRHR1 and activates the transcription of proopiomelanocortin (POMC) to release ACTH.	reach	complex(p(HGNC:CRH), p(HGNC:CRHR1))	directlyIncreases	p(HGNC:POMC)
e0c9b607-3141-4728-bcf1-3c56536f2a27	0.92	29115460	Based on the results, CRF-R1 activation increased the expression levels of TNF-alpha and IL-6 in the colon samples of the DSS treated mice.	reach	p(HGNC:CRHR1)	directlyIncreases	p(HGNC:IL6)
44f01772-6aef-43f6-8fb1-1eb5194d6d27	0.92	29115460	Based on the results, CRF-R1 activation increased the expression levels of TNF-alpha and IL-6 in the colon samples of the DSS treated mice.	reach	p(HGNC:CRHR1)	directlyIncreases	p(HGNC:TNF)
e0c9b607-3141-4728-bcf1-3c56536f2a27	0.92	29115460	By contrast, inhibition of CRF-R1 by CP154526 decreased the expression levels of TNF-alpha and IL-6 in the colon tissues from the DSS treated mice compared with that from the controls, accompanied by a decrease in NF-kappaB phosphorylation and macrophage infiltration in the colon.	reach	p(HGNC:CRHR1)	directlyIncreases	p(HGNC:IL6)
44f01772-6aef-43f6-8fb1-1eb5194d6d27	0.92	29115460	By contrast, inhibition of CRF-R1 by CP154526 decreased the expression levels of TNF-alpha and IL-6 in the colon tissues from the DSS treated mice compared with that from the controls, accompanied by a decrease in NF-kappaB phosphorylation and macrophage infiltration in the colon.	reach	p(HGNC:CRHR1)	directlyIncreases	p(HGNC:TNF)
39e27285-c551-468f-8516-956957c502ea	0.86	29115460	CRF-R1 activation suppressed TNF-alpha release from lipopolysaccharide (LPS)-treated macrophages and inducible nitric oxide synthase from endothelial cells.	reach	p(HGNC:CRHR1)	directlyDecreases	act(p(HGNC:TNF))
e0c9b607-3141-4728-bcf1-3c56536f2a27	0.92	29115460	Inhibition of CRF-R1 decreased the expression level of CRF-R1, macrophage infiltration, NF-kappaB activation, and TNF-alpha and IL-6 expression levels, ultimately alleviating the mucosal inflammation.	reach	p(HGNC:CRHR1)	directlyIncreases	p(HGNC:IL6)
44f01772-6aef-43f6-8fb1-1eb5194d6d27	0.92	29115460	Inhibition of CRF-R1 decreased the expression level of CRF-R1, macrophage infiltration, NF-kappaB activation, and TNF-alpha and IL-6 expression levels, ultimately alleviating the mucosal inflammation.	reach	p(HGNC:CRHR1)	directlyIncreases	p(HGNC:TNF)
748b83ee-dd42-4562-be90-b245fd42fd87	1.0	29180955	CRHR1 has been shown to mediate the CRH induced firing rate of ventral tegmental area (VTA) DA neurons, and CRHR1 antagonism has been shown to inhibit striatal DA release In addition, the activation of CRHR1 by CRH results in an increase in DA release in the nucleus accumbens, and midbrain CRHR1 blockade has been demonstrated to reduce cocaine induced DA release into the Acb.	reach	p(HGNC:CRH)	directlyIncreases	act(p(HGNC:CRHR1))
c17cf0f8-9c7a-4b61-97a9-72085c3d0999	0.95	29317694	Moreover, the increase of CRHR expression in or around B cell follicles after immunization raises the question of the function of CRH in B cell maturation and selection during immune responses.	reach	p(HGNC:CRHR1)	directlyIncreases	act(p(HGNC:CRH))
5cf5daf0-374b-4013-80a2-5c8487749f10	0.95	29477300	However, contrary to our prediction a single acute ICV infusion, as well as intra-MPOA retrodialysis, of a CRFR1 agonist increased oxytocin release in the MPOA under non stress conditions.	reach	p(HGNC:CRHR1)	directlyIncreases	act(p(HGNC:OXT))
5cf5daf0-374b-4013-80a2-5c8487749f10	0.95	29477300	In addition, activation of CRFR1, either centrally or locally in the MPOA, increased local oxytocin release.	reach	p(HGNC:CRHR1)	directlyIncreases	act(p(HGNC:OXT))
5cf5daf0-374b-4013-80a2-5c8487749f10	0.95	29477300	Thus, oxytocin release might be triggered by CRFR1 activation in the MPOA as a rescuing mechanism to minimize a reduction in maternal behavior and help provide stable levels of care for the offspring.	reach	p(HGNC:CRHR1)	directlyIncreases	act(p(HGNC:OXT))
5e2d2999-be35-47e5-94df-4277338a711f	0.99	29497387	CRHR1 SNPs predicted greater future drinking in relation to recent stress history, implicating CRF 1 systems in stress induced drinking, consistent with observations in msP rats, C57BL/6J mice and Crhr1 knockout mice.	reach	p(HGNC:C1QL1)	directlyIncreases	act(p(HGNC:CRHR1))
faf1a539-55df-4eed-b5ba-bfed4aa957b4	0.86	29497387	The two previously described G-to-A SNPs were confirmed in the Crhr1 promoter of msP rats, but were not found to be common markers of high alcohol intake, as they were not observed in other alcohol preferring strains selectively bred from Wistar stock (P, Scr : sP).	reach	p(HGNC:CRHR1)	directlyIncreases	act(p(HGNC:MST1))
faf1a539-55df-4eed-b5ba-bfed4aa957b4	0.86	29497387	Two related polymorphisms were observed in which both loci on a given chromosome were either mutant variant (A) or wild-type (G) alleles within the distal Crhr1 promoter of 17/25 msP rats (68%), as compared to 0/23 Indiana P rats, 0/20 Sardinian alcohol preferring rats bred at Scripps (Scr : sP) and 0/21 outbred Wistar rats.	reach	p(HGNC:CRHR1)	directlyIncreases	act(p(HGNC:MST1))
5cf5daf0-374b-4013-80a2-5c8487749f10	0.95	29618970	Although application of CRF alone did not have any effect immediately after the drug infusion (30 min, P> 0.05 in comparison to ACSF treated rats), it induced a delayed significant increase in OT content in BNST dl microdialysate at 90 min in comparison to the control (ACSF) group (P < 0.001), which was significantly reduced by infusion of As2B (P < 0.01), but not CRFR1 antagonist (P> 0.05).	reach	p(HGNC:CRHR1)	directlyIncreases	act(p(HGNC:OXT))
5cf5daf0-374b-4013-80a2-5c8487749f10	0.95	29618970	In order to determine whether the effects of CRFR modulation of OT release are specific to the BNST dl, microdialysis samples from rats with off-target cannula placements should also have been analyzed in RIA.	reach	p(HGNC:CRHR1)	directlyIncreases	act(p(HGNC:OXT))
f2af5c7f-6cb5-4fd3-942f-ac5f31681e44	0.99	29618970	The effects of CRF-peptide family members are mediated by two receptors : CRFR1 and CRFR2, which can be activated by the endogenous peptides, Urocortin (Ucn) 1, 2, and 3 as well as CRF.	reach	p(HGNC:UCN)	directlyIncreases	act(p(HGNC:CRHR1))
006dce48-85ee-422c-840e-bf0391c1cc21	0.95	8536643	CRF decreased CRF-R1 mRNA levels in a time- and concentration dependent manner.	reach	p(HGNC:C1QL1)	directlyDecreases	p(HGNC:CRHR1)
006dce48-85ee-422c-840e-bf0391c1cc21	0.95	8536643	Treatment with a maximal (100 nM) dose of AVP or a submaximal (0.1 nM) dose of CRF for 3 h reduced CRF-R1 mRNA levels to 66 +/- 3% and 53 +/- 6% of the control value, respectively.	reach	p(HGNC:C1QL1)	directlyDecreases	p(HGNC:CRHR1)
dd97a925-948d-40c0-a7f7-67b8a5cfc09a	0.95	8735970	To determine whether glucocorticoids or CRF peptide modulate CRF-R1 gene expression, CRF-R1 mRNA levels in rat pituitary and brain were measured after administration of a synthetic glucocorticoid, dexamethasone (DEX) or rat and human CRF (r/hCRF), using a sensitive solution hybridization RNase protection assay.	reach	p(HGNC:C1QL1)	directlyIncreases	p(HGNC:CRHR1)
006dce48-85ee-422c-840e-bf0391c1cc21	0.95	9100600	Dose dependency of the stimulatory effect of CRF was also demonstrated in hCA cells, whereas CRF down-regulated CRF-R1 mRNA levels in rat anterior pituitary (AP) cells.	reach	p(HGNC:C1QL1)	directlyDecreases	p(HGNC:CRHR1)
dd97a925-948d-40c0-a7f7-67b8a5cfc09a	0.95	9100600	The CRF-R1 mRNA level was up-regulated by CRF itself in cultured hCA cells, in contrast to the down-regulation in rat AP cells.	reach	p(HGNC:C1QL1)	directlyIncreases	p(HGNC:CRHR1)
